City_ID,City,Cloudiness,Country,Date,Humidity,Lat,Lng,Max Temp,Wind Speed
0,butaritari,12,KI,1518325151,100,3.07,172.79,82.81,15.05
1,hobart,40,AU,1518323400,34,-42.88,147.33,66.2,17.22
2,ushuaia,0,AR,1518321600,75,-54.81,-68.31,42.8,24.16
3,mataura,92,NZ,1518325152,95,-46.19,168.86,62.88,2.64
4,rokytne,76,UA,1518325152,95,51.27,27.23,24.09,3.2
5,hithadhoo,80,MV,1518325153,100,-0.6,73.08,82.77,1.97
6,saint george,75,GR,1518322800,87,39.45,22.34,44.6,16.11
7,bajil,0,ES,1518325153,78,38.23,-2.07,36.91,10.8
8,vila velha,20,BR,1518325200,88,-3.71,-38.6,77.0,3.36
9,mareeba,20,AU,1518321600,66,-16.99,145.42,84.2,10.29
10,albany,90,US,1518324240,93,42.65,-73.75,39.2,4.7
11,faya,0,SA,1518321600,48,18.39,42.45,51.8,4.65
12,ponta do sol,44,BR,1518325155,94,-20.63,-46.0,65.04,3.2
13,hasaki,75,JP,1518321600,50,35.73,140.83,55.4,2.24
14,barra do garcas,64,BR,1518325156,93,-15.89,-52.26,70.44,2.75
15,carnarvon,68,ZA,1518325157,69,-30.97,22.13,63.46,13.49
16,tuatapere,36,NZ,1518325157,88,-46.13,167.69,64.59,3.65
17,konevo,92,BG,1518325157,98,41.67,25.61,32.28,13.49
18,edd,0,ER,1518325158,21,13.93,41.69,75.43,3.42
19,avarua,90,CK,1518321600,94,-21.21,-159.78,75.2,3.36
20,port alfred,100,ZA,1518325005,100,-33.59,26.89,65.67,8.01
21,cape town,0,ZA,1518321600,67,-33.93,18.42,57.2,5.82
22,karlivka,88,UA,1518325160,98,49.46,35.11,32.59,10.58
23,mehriz,0,IR,1518323400,48,31.58,54.44,41.0,2.24
24,kaspiyskiy,8,RU,1518325160,88,45.39,47.37,21.57,16.17
25,hermanus,20,ZA,1518325161,71,-34.42,19.24,59.68,7.23
26,puerto ayora,0,EC,1518325162,100,-0.74,-90.35,75.03,5.99
27,cabo san lucas,5,MX,1518320940,49,22.89,-109.91,69.8,13.82
28,elliot,92,ZA,1518325163,89,-31.33,27.85,56.04,4.21
29,bandarbeyla,0,SO,1518325163,100,9.49,50.81,74.58,10.02
30,kodiak,90,US,1518321180,61,39.95,-94.76,15.8,12.75
31,chichli,8,IN,1518325164,60,22.83,78.82,79.62,2.64
32,acapulco,40,MX,1518320880,88,16.86,-99.88,78.8,2.24
33,conceicao do araguaia,92,BR,1518325165,99,-8.26,-49.26,72.51,3.65
34,isangel,48,VU,1518325032,100,-19.55,169.27,80.11,10.69
35,waddan,0,LY,1518325166,75,29.16,16.14,30.21,2.64
36,jacareacanga,92,BR,1518325166,100,-6.22,-57.76,71.56,1.63
37,raudeberg,92,NO,1518322800,80,61.99,5.14,35.6,17.22
38,vila franca do campo,75,PT,1518323400,87,37.72,-25.43,59.0,3.36
39,chokurdakh,76,RU,1518325167,75,70.62,147.9,-3.14,8.23
40,tasiilaq,68,GL,1518324600,57,65.61,-37.64,17.6,4.7
41,ayan,0,TR,1518325169,87,40.67,33.6,42.13,9.24
42,georgetown,75,GY,1518321600,94,6.8,-58.16,75.2,6.93
43,gizo,0,IL,1518322800,59,31.8,34.94,64.4,1.12
44,college,1,US,1518323160,75,64.86,-147.8,-11.21,2.75
45,acari,76,BR,1518325171,98,-6.44,-36.64,66.43,2.64
46,atuona,88,PF,1518325172,100,-9.8,-139.03,79.62,16.73
47,san patricio,88,PY,1518325172,97,-26.98,-56.83,74.8,2.42
48,ivdel,80,RU,1518325173,83,60.7,60.42,7.93,4.21
49,qingdao,0,CN,1518321600,10,36.09,120.35,37.4,13.42
50,lorengau,44,PG,1518325174,100,-2.02,147.27,83.94,13.04
51,kapaa,90,US,1518321360,60,22.08,-159.32,71.6,14.99
52,harrisburg,90,US,1518321840,100,40.27,-76.89,39.2,5.99
53,ostrovnoy,0,RU,1518325175,79,68.05,39.51,10.45,11.03
54,punta arenas,0,CL,1518321600,100,-53.16,-70.91,42.8,6.93
55,airai,56,TL,1518325176,86,-8.93,125.41,76.74,2.19
56,develi,0,TR,1518322800,70,38.39,35.49,41.0,11.41
57,paamiut,64,GL,1518325177,100,61.99,-49.67,21.66,24.67
58,jamestown,0,AU,1518324906,60,-33.21,138.6,76.74,7.23
59,provideniya,92,RU,1518325178,94,64.42,-173.23,30.21,11.03
60,cuamba,92,MZ,1518325179,96,-14.8,36.54,67.92,8.57
61,fort nelson,75,CA,1518321600,72,58.81,-122.69,12.2,8.05
62,bubaque,0,GW,1518325181,96,11.28,-15.83,74.53,18.52
63,tecoanapa,40,MX,1518320880,88,16.99,-99.26,78.8,2.24
64,madoc,90,CA,1518321600,79,43.71,-79.75,24.8,9.17
65,lagoa,0,PT,1518323400,81,37.14,-8.45,46.4,9.17
66,new norfolk,40,AU,1518323400,34,-42.78,147.06,66.2,17.22
67,upernavik,8,GL,1518325183,100,72.79,-56.15,-7.55,6.44
68,hilo,90,US,1518324060,81,19.71,-155.08,75.2,3.36
69,rikitea,64,PF,1518325183,100,-23.12,-134.97,78.18,5.21
70,araouane,80,ML,1518325184,34,18.9,-3.53,48.03,11.14
71,lewiston,1,US,1518321360,64,46.42,-117.02,33.8,2.08
72,lebu,8,ET,1518325185,37,8.96,38.73,58.38,4.09
73,sabang,100,PH,1518325185,95,13.72,123.58,79.53,8.68
74,castro,0,CL,1518325186,100,-42.48,-73.76,41.23,3.98
75,ribeira grande,0,PT,1518325186,98,38.52,-28.7,62.34,11.03
76,srednekolymsk,68,RU,1518325187,65,67.46,153.71,-3.91,2.75
77,qaanaaq,0,GL,1518325187,72,77.48,-69.36,-24.7,7.67
78,riyadh,0,SA,1518321600,20,24.63,46.72,64.4,4.99
79,yellowknife,20,CA,1518321600,74,62.45,-114.38,-22.01,6.93
80,eureka,1,US,1518323700,100,40.8,-124.16,44.6,2.19
81,masallatah,0,LY,1518325189,81,32.62,14.0,34.03,6.67
82,bonavista,92,CA,1518325189,90,48.65,-53.11,34.66,20.09
83,busselton,0,AU,1518325190,77,-33.64,115.35,77.91,14.16
84,broken hill,48,AU,1518325190,31,-31.97,141.45,88.48,8.68
85,awjilah,0,LY,1518325190,69,29.14,21.3,49.02,4.99
86,east london,90,ZA,1518321600,93,-33.02,27.91,64.4,9.17
87,selikhino,64,RU,1518325191,75,50.37,137.51,5.37,1.74
88,bredasdorp,12,ZA,1518321600,60,-34.53,20.04,68.0,10.29
89,tuktoyaktuk,5,CA,1518321600,74,69.44,-133.03,-9.41,9.17
90,pevek,80,RU,1518325192,93,69.7,170.27,3.03,4.99
91,codrington,56,AU,1518325193,82,-28.95,153.24,80.56,3.42
92,port elizabeth,90,US,1518324120,100,39.31,-74.98,53.6,4.7
93,manaure,0,CO,1518325193,93,11.78,-72.45,77.64,22.1
94,brandon,1,US,1518323700,76,43.59,-96.57,-0.41,3.36
95,cahul,80,MD,1518325194,88,45.91,28.19,25.93,10.8
96,torbay,90,CA,1518321600,93,47.66,-52.73,35.6,14.99
97,rawson,0,AR,1518325195,59,-43.3,-65.11,42.94,6.11
98,arraial do cabo,80,BR,1518325195,91,-22.97,-42.02,77.19,21.65
99,issoire,90,FR,1518323400,89,45.54,3.25,32.0,12.75
100,bethel,90,US,1518322860,80,60.79,-161.76,35.6,11.41
101,seddon,92,NZ,1518325197,95,-41.67,174.07,65.8,2.53
102,semey,0,KZ,1518325197,79,50.41,80.25,12.39,4.43
103,baruun-urt,0,MN,1518325197,49,46.68,113.28,3.66,15.17
104,la sarre,12,CA,1518325198,53,48.8,-79.2,-0.17,5.77
105,talnakh,68,RU,1518325198,76,69.49,88.39,-0.04,5.66
106,barrow,48,AR,1518325199,84,-38.31,-60.23,52.93,10.58
107,sitka,68,US,1518325199,61,37.17,-99.65,16.98,12.26
108,fortuna,0,ES,1518321600,78,38.18,-1.13,44.6,13.87
109,tiznit,0,MA,1518325200,98,29.7,-9.73,44.83,3.42
110,sao filipe,32,CV,1518325201,100,14.9,-24.5,67.13,18.05
111,poum,90,MK,1518323400,98,41.28,20.71,32.0,8.05
112,tierra colorada,40,MX,1518320880,88,17.17,-99.53,78.8,2.24
113,diego de almagro,0,CL,1518325209,80,-26.39,-70.05,57.84,1.97
114,kabalo,92,CD,1518325210,100,-6.05,26.92,70.26,10.47
115,nikolskoye,90,RU,1518323400,92,59.7,30.79,23.0,6.71
116,uchiza,8,PE,1518325212,85,-8.46,-76.46,69.49,2.08
117,saint anthony,1,US,1518321180,58,43.97,-111.68,28.4,6.93
118,esperance,20,TT,1518321600,78,10.24,-61.45,77.0,8.05
119,gdov,88,RU,1518325213,92,58.74,27.82,21.21,6.78
120,los llanos de aridane,20,ES,1518321600,77,28.66,-17.92,60.8,13.87
121,carbonia,0,IT,1518322800,93,39.17,8.53,37.4,5.82
122,balabac,0,PH,1518325215,100,7.99,117.06,80.07,5.55
123,assiniboia,80,CA,1518325216,79,49.63,-105.99,8.83,11.14
124,emerald,0,AU,1518325217,28,-23.53,148.16,101.49,6.22
125,ayna,0,ES,1518321600,78,38.55,-2.07,32.0,2.24
126,bystrzyca klodzka,36,PL,1518325218,84,50.3,16.64,13.13,2.95
127,adre,0,TD,1518325219,40,13.47,22.2,64.09,4.54
128,bodden town,36,KY,1518324921,98,19.28,-81.25,79.26,14.61
129,solnechnyy,56,RU,1518325220,67,50.72,136.64,1.9,4.43
130,vestmannaeyjar,88,IS,1518325220,99,63.44,-20.27,32.28,27.25
131,nemuro,75,JP,1518321600,69,43.32,145.57,33.8,4.7
132,monte carmelo,56,BR,1518325221,94,-18.73,-47.5,66.48,2.75
133,meadow lake,48,CA,1518325047,69,54.13,-108.44,6.04,8.68
134,luanda,75,AO,1518321600,83,-8.83,13.24,78.8,3.36
135,yeppoon,0,AU,1518321600,29,-23.13,150.74,100.4,4.7
136,troitskoye,24,RU,1518325223,80,52.98,84.68,10.23,3.09
137,yeniseysk,88,RU,1518325224,85,58.45,92.17,14.14,3.42
138,tautira,90,PF,1518323400,74,-17.73,-149.15,82.4,8.05
139,azare,0,NG,1518325225,59,11.67,10.19,62.88,2.98
140,west wendover,1,US,1518321360,34,40.74,-114.07,33.8,3.36
141,namatanai,36,PG,1518325225,100,-3.66,152.44,82.81,8.46
142,alice springs,0,AU,1518321600,9,-23.7,133.88,105.8,9.17
143,gigmoto,92,PH,1518325226,100,13.78,124.39,80.11,12.03
144,fare,92,PF,1518325227,96,-16.7,-151.02,83.44,18.3
145,kenai,90,US,1518321360,85,60.55,-151.26,23.0,11.41
146,bouar,0,CF,1518325228,70,5.94,15.59,67.38,4.09
147,guerrero negro,80,MX,1518325228,100,27.97,-114.04,55.86,3.53
148,hearst,0,CA,1518325228,59,49.69,-83.67,-6.74,5.77
149,monrovia,0,LR,1518325229,94,6.33,-10.8,75.34,5.1
150,vostok,36,RU,1518325229,43,46.45,135.83,-1.57,5.44
151,kavieng,56,PG,1518325230,100,-2.57,150.8,83.67,11.7
152,buenos aires,0,AR,1518321600,68,-34.61,-58.44,68.0,16.11
153,vaini,12,IN,1518325230,50,15.34,74.49,85.51,5.21
154,nong khai,32,TH,1518321600,51,17.88,102.75,80.6,6.93
155,padang,32,ID,1518325231,100,-0.92,100.36,82.36,7.78
156,faanui,92,PF,1518325232,98,-16.48,-151.75,83.26,16.06
157,vila do maio,20,CV,1518321600,68,15.13,-23.22,64.4,21.92
158,khatanga,80,RU,1518325233,80,71.98,102.47,8.65,21.32
159,tiksi,56,RU,1518325233,50,71.64,128.87,-17.27,3.65
160,jiazi,90,CN,1518321600,72,19.61,110.49,64.4,15.66
161,teguise,0,ES,1518325116,96,29.06,-13.56,60.18,17.85
162,hofn,32,IS,1518325234,100,64.25,-15.21,31.74,35.19
163,ketchikan,90,US,1518321360,100,55.34,-131.65,33.8,6.55
164,roscrea,44,IE,1518325235,87,52.95,-7.8,36.78,13.6
165,ilulissat,0,GL,1518324600,52,69.22,-51.1,-7.61,23.04
166,chara,75,GR,1518322800,87,39.42,22.43,44.6,16.11
167,riberalta,56,BO,1518325237,91,-11.0,-66.08,77.64,2.98
168,san jose de gracia,92,MX,1518325237,88,20.67,-102.58,54.1,2.19
169,ancud,0,CL,1518325237,89,-41.87,-73.83,43.93,4.99
170,ajdabiya,20,LY,1518325238,80,30.75,20.22,49.69,6.55
171,san quintin,20,PH,1518321600,74,17.54,120.52,82.4,11.41
172,mingguang,0,CN,1518325238,38,32.78,118.01,43.53,17.85
173,trincomalee,20,LK,1518325239,75,8.58,81.23,83.98,8.57
174,dikson,92,RU,1518325240,92,73.51,80.55,23.64,19.19
175,vila,0,IT,1518322800,92,45.18,8.4,33.8,4.7
176,orbetello,0,IT,1518321300,86,42.44,11.21,33.8,8.05
177,victoria,75,BN,1518321600,74,5.28,115.24,82.4,6.93
178,porto nacional,88,BR,1518325242,97,-10.7,-48.41,71.11,2.19
179,bilibino,76,RU,1518325243,80,68.06,166.44,3.16,2.53
180,saskylakh,44,RU,1518325243,62,71.97,114.09,-7.42,2.98
181,coahuayana,68,MX,1518325243,86,18.62,-100.35,59.01,2.08
182,martin,90,US,1518322500,93,36.34,-88.85,41.0,5.82
183,chateauroux,92,FR,1518323400,80,43.72,0.65,37.4,2.24
184,sur,0,OM,1518325245,97,22.57,59.53,70.71,12.48
185,portland,75,US,1518321360,70,45.52,-122.67,44.6,6.93
186,balsas,56,BR,1518325225,95,-7.53,-46.04,69.13,2.98
187,ulladulla,90,AU,1518321600,64,-35.36,150.48,71.6,13.87
188,rajkot,0,IN,1518325246,46,22.3,70.8,78.58,8.12
189,chuy,0,UY,1518325247,91,-33.69,-53.46,62.2,5.21
190,iracoubo,92,GF,1518325247,97,5.48,-53.21,73.23,4.54
191,kiunga,92,PG,1518325247,85,-6.12,141.3,80.97,1.52
192,ahipara,64,NZ,1518325248,88,-35.17,173.16,73.63,13.49
193,biak,48,ID,1518325248,89,-0.91,122.88,83.89,2.19
194,khromtau,80,KZ,1518325249,88,50.26,58.44,9.51,4.65
195,saldanha,80,PT,1518325249,84,41.42,-6.55,32.41,3.53
196,mount gambier,0,AU,1518325250,50,-37.83,140.78,70.21,5.77
197,mahebourg,75,MU,1518321600,88,-20.41,57.7,82.4,3.09
198,hami,0,CN,1518325250,47,42.84,93.51,31.11,5.1
199,belfast,12,GB,1518324600,93,54.6,-5.93,35.6,18.34
200,longyearbyen,90,NO,1518321000,74,78.22,15.63,30.2,9.17
201,temir,76,KZ,1518325252,80,49.14,57.13,10.18,4.65
202,miri,0,NG,1518325253,61,10.31,9.75,63.64,4.65
203,tete,92,MZ,1518325253,100,-16.16,33.59,70.08,4.43
204,caravelas,92,BR,1518325253,100,-17.73,-39.27,78.63,12.15
205,mouila,80,GA,1518325254,98,-1.86,11.06,74.31,2.19
206,kyabram,0,AU,1518325254,66,-36.31,145.05,74.31,8.79
207,henties bay,0,NA,1518325255,98,-22.12,14.28,64.63,4.65
208,dongli,75,CN,1518321600,71,24.18,117.61,53.6,11.18
209,dunedin,92,NZ,1518325255,99,-45.87,170.5,62.07,3.65
210,jiuquan,0,CN,1518325256,69,39.73,98.49,20.89,6.22
211,lengshuitan,92,CN,1518325256,97,26.41,111.6,44.61,4.54
212,bluff,0,AU,1518325257,26,-23.58,149.07,100.9,7.78
213,brest,90,BY,1518321600,92,52.09,23.69,23.0,4.47
214,nizwa,0,OM,1518325257,30,22.93,57.53,68.19,3.98
215,la ronge,5,CA,1518321600,64,55.1,-105.3,-2.21,11.41
216,baijiantan,20,CN,1518325258,91,45.63,85.18,5.41,4.09
217,laguna,0,MX,1518325259,69,27.52,-110.01,60.49,3.65
218,dilla,8,ET,1518325259,34,6.41,38.31,64.63,3.98
219,tianpeng,0,CN,1518325260,82,28.88,112.34,50.05,5.55
220,arman,20,RU,1518323400,71,59.7,150.17,6.8,4.47
221,troitsko-pechorsk,76,RU,1518325261,80,62.71,56.19,8.79,3.2
222,geraldton,20,CA,1518321600,76,49.72,-86.95,-7.61,5.66
223,souillac,92,FR,1518323400,93,45.6,-0.6,44.6,17.22
224,kahului,40,US,1518321360,60,20.89,-156.47,71.6,11.41
225,takaka,92,NZ,1518325262,100,-40.86,172.81,66.7,7.0
226,bambous virieux,75,MU,1518321600,88,-20.34,57.76,82.4,3.09
227,kamaishi,75,JP,1518321600,80,39.28,141.86,39.2,5.82
228,zhoukou,0,CN,1518325263,31,33.63,114.64,42.36,17.29
229,bayir,75,TR,1518322800,71,37.27,28.22,57.2,11.41
230,petropavlovsk-kamchatskiy,64,RU,1518323400,42,53.05,158.65,26.6,3.53
231,beira,92,ES,1518321600,93,43.2,-8.36,53.6,6.93
232,ternate,75,PH,1518321600,79,14.29,120.72,84.2,8.05
233,lamu,76,ID,1518325266,97,0.57,122.3,78.13,2.42
234,nouadhibou,32,MR,1518321600,71,20.93,-17.03,57.2,17.22
235,uglovka,88,RU,1518325268,86,58.24,33.51,21.34,8.46
236,jetalsar,0,IN,1518325268,45,21.73,70.57,78.04,6.44
237,harindanga,40,IN,1518321600,46,22.04,88.32,71.6,6.93
238,lavrentiya,88,RU,1518325269,94,65.58,-170.99,31.02,12.82
239,cody,1,US,1518321360,84,44.53,-109.06,6.8,4.7
240,cayenne,75,GF,1518323400,94,4.94,-52.33,75.2,5.82
241,byron bay,32,AU,1518321600,74,-28.65,153.62,84.2,12.75
242,martapura,40,ID,1518321600,83,-3.41,114.85,82.4,4.7
243,lata,44,IN,1518325271,58,30.78,78.62,48.21,1.74
244,praya,40,ID,1518323400,58,-8.71,116.27,87.8,6.93
245,salalah,0,OM,1518321000,39,17.01,54.1,62.6,5.82
246,atar,0,MR,1518324997,57,20.52,-13.05,43.98,6.78
247,san ramon,24,NI,1518325273,89,12.92,-85.84,65.26,2.64
248,touros,88,BR,1518325274,100,-5.2,-35.46,74.35,3.09
249,mar del plata,0,AR,1518325274,100,-46.43,-67.52,37.9,3.53
250,ostersund,68,SE,1518322800,79,63.18,14.64,26.6,13.87
251,waterloo,90,CA,1518321600,92,43.47,-80.52,21.2,8.05
252,shawinigan,64,CA,1518325276,79,46.54,-72.75,15.49,2.64
253,udachnyy,56,RU,1518325276,75,66.42,112.4,-0.62,3.2
254,wajid,0,SO,1518325277,66,3.81,43.25,79.89,12.82
255,aykhal,48,RU,1518325277,70,65.95,111.51,0.55,4.21
256,qianan,36,CN,1518325278,62,44.99,124.06,9.64,13.27
257,puebloviejo,40,CO,1518321600,54,10.99,-74.28,84.2,9.17
258,bilma,8,NE,1518325278,56,18.69,12.92,57.61,0.63
259,lazaro cardenas,5,MX,1518320760,41,28.39,-105.62,60.8,12.75
260,miramar,0,CR,1518321600,68,10.09,-84.73,69.8,19.46
261,imbituba,75,BR,1518321600,94,-28.24,-48.67,75.2,2.24
262,adrar,0,DZ,1518321600,36,27.87,-0.29,44.6,5.82
263,tezu,24,IN,1518325281,51,27.93,96.16,60.63,1.07
264,tutoia,92,BR,1518325281,89,-2.76,-42.27,76.92,7.23
265,thompson,90,CA,1518321600,76,55.74,-97.86,-7.61,9.17
266,dingle,80,PH,1518325282,57,11.0,122.67,88.08,8.68
267,bereda,92,ES,1518321600,93,43.27,-7.54,53.6,6.93
268,uddevalla,92,SE,1518322800,79,58.35,11.94,28.4,11.41
269,mehamn,0,NO,1518325284,88,71.03,27.85,23.95,16.51
270,van buren,90,US,1518323160,85,47.16,-67.94,24.8,3.2
271,havre-saint-pierre,90,CA,1518321600,92,50.23,-63.6,14.0,6.93
272,myitkyina,0,MM,1518325285,66,25.38,97.4,73.54,2.98
273,linhares,76,BR,1518325285,96,-19.38,-40.06,72.51,3.09
274,palmer,20,AU,1518321600,43,-34.85,139.16,73.4,17.22
275,ucar,80,AZ,1518325286,97,40.51,47.65,38.98,2.53
276,yar-sale,36,RU,1518325287,74,66.83,70.83,-6.02,7.56
277,leningradskiy,32,RU,1518325287,71,69.38,178.42,14.95,4.54
278,iqaluit,20,CA,1518321600,59,63.75,-68.52,-34.61,4.7
279,nanortalik,80,GL,1518325289,100,60.14,-45.24,26.11,26.35
280,burnie,0,AU,1518325146,95,-41.05,145.91,68.14,16.17
281,itarema,92,BR,1518325290,93,-2.92,-39.92,75.34,6.44
282,kyabe,0,TD,1518325290,45,9.45,18.94,74.71,3.42
283,nishihara,90,JP,1518324960,54,35.74,139.53,55.4,6.93
284,port augusta,0,AU,1518321600,44,-32.49,137.76,75.2,13.87
285,marzuq,0,YE,1518325292,22,14.4,46.47,65.26,3.42
286,fredericton,90,CA,1518322200,100,45.97,-66.65,32.0,3.36
287,kruisfontein,92,ZA,1518325293,84,-34.0,24.73,66.16,4.21
288,yuanping,32,CN,1518325293,38,38.72,112.71,11.89,13.15
289,pavagada,88,IN,1518325294,50,14.1,77.28,80.52,6.78
290,sao miguel do araguaia,24,BR,1518325294,95,-13.28,-50.16,72.01,2.75
291,port lincoln,0,AU,1518325295,78,-34.72,135.86,69.4,10.58
292,sistranda,0,NO,1518321000,59,63.73,8.83,35.6,20.8
293,spirovo,68,RU,1518325296,91,57.42,34.99,21.16,10.8
294,saint-philippe,90,CA,1518323640,92,45.36,-73.48,23.0,4.7
295,grand-lahou,32,CI,1518325296,91,5.24,-5.0,76.56,3.65
296,nuuk,56,GL,1518324600,84,64.17,-51.74,6.8,31.09
297,orsha,92,BY,1518325297,93,54.51,30.43,29.44,8.57
298,cidreira,88,BR,1518325298,93,-30.17,-50.22,73.09,7.78
299,itoman,75,JP,1518324960,62,26.12,127.67,60.8,17.22
300,aksu,44,KZ,1518323400,83,52.04,76.93,-4.01,2.24
301,presidencia roque saenz pena,48,AR,1518325299,87,-26.79,-60.44,77.68,8.12
302,florianopolis,75,BR,1518321600,94,-27.6,-48.55,75.2,2.24
303,dwarka,20,IN,1518321600,34,28.58,77.04,66.2,5.82
304,bowen,0,AU,1518321600,29,-20.01,148.25,91.4,2.24
305,aripuana,56,BR,1518325300,91,-9.17,-60.63,76.06,1.74
306,georgiyevka,64,RU,1518325301,85,52.25,40.45,18.28,13.27
307,ceres,48,AR,1518325301,88,-29.88,-61.95,71.16,3.53
308,tabas,0,IR,1518325301,59,33.6,56.92,45.64,3.65
309,tabalosos,8,PE,1518325302,87,-6.39,-76.63,69.09,3.09
310,severo-kurilsk,92,RU,1518325302,100,50.68,156.12,30.34,7.0
311,pemba,76,MZ,1518325303,97,-12.97,40.52,83.76,11.81
312,cockburn town,44,TC,1518325303,96,21.46,-71.14,78.18,27.92
313,xuanhua,0,CN,1518325304,26,40.61,115.04,7.84,14.16
314,grindavik,75,IS,1518323400,49,63.84,-22.43,24.8,28.86
315,otane,76,NZ,1518325305,97,-39.89,176.62,70.21,7.11
316,sakata,75,JP,1518323940,86,38.92,139.93,37.4,19.46
317,general roca,0,AR,1518321600,29,-39.03,-67.58,62.6,10.29
318,beyneu,44,KZ,1518325307,88,45.32,55.19,6.76,4.65
319,bontang,64,ID,1518325307,100,0.12,117.47,82.0,3.65
320,rio gallegos,0,AR,1518321600,60,-51.62,-69.22,42.8,6.93
321,torres,92,BR,1518325309,100,-29.34,-49.73,71.29,1.74
322,necochea,12,AR,1518325309,84,-38.55,-58.74,54.69,10.58
323,vanimo,0,PG,1518325310,99,-2.67,141.3,84.57,19.64
324,luderitz,36,NA,1518321600,60,-26.65,15.16,68.0,10.29
325,beloha,92,MG,1518325311,80,-25.17,45.06,71.56,11.03
326,karaton,75,ID,1518323400,78,-6.34,106.1,82.4,8.05
327,katsuura,75,JP,1518323820,59,33.93,134.5,41.0,19.46
328,kieta,48,PG,1518325312,95,-6.22,155.63,83.94,5.21
329,bridlington,92,GB,1518324600,80,54.08,-0.19,39.2,16.11
330,makabe,75,JP,1518323400,50,36.27,140.1,53.6,4.7
331,sayan,0,YE,1518325313,52,15.88,43.46,75.03,3.42
332,mendi,8,ET,1518325314,43,9.8,35.1,72.55,3.42
333,irupi,64,BR,1518325129,97,-20.35,-41.64,65.76,4.65
334,vardo,90,US,1518323700,100,39.62,-77.74,42.8,4.43
335,biltine,0,TD,1518325315,33,14.53,20.93,64.9,5.99
336,pisco,0,PE,1518321600,88,-13.71,-76.2,71.6,5.82
337,sinaloa,40,MX,1518321420,30,32.55,-115.28,71.6,11.41
338,chernyshevskiy,64,RU,1518325316,65,63.01,112.47,-0.62,3.09
339,hambantota,0,LK,1518325316,96,6.12,81.12,82.59,10.69
340,nome,90,US,1518322500,93,30.04,-94.42,66.2,5.82
341,ambilobe,24,MG,1518325317,98,-13.19,49.05,80.56,3.76
342,qandala,0,SO,1518325318,56,11.47,49.87,72.91,2.19
343,tricase,92,IT,1518325318,100,39.93,18.36,50.41,17.85
344,vung tau,75,VN,1518321600,74,10.35,107.08,82.4,4.7
345,tura,20,IN,1518325319,59,25.52,90.21,71.38,4.99
346,nabire,32,ID,1518325319,72,-3.36,135.5,81.28,2.42
347,oistins,40,BB,1518321600,83,13.07,-59.53,77.0,23.04
348,panjab,64,AF,1518325320,89,34.38,67.02,17.43,2.42
349,sao felix do xingu,44,BR,1518325231,100,-6.64,-51.99,72.64,2.19
350,klaksvik,56,FO,1518324600,59,62.23,-6.59,35.6,10.29
351,lima,80,PE,1518325125,80,-12.06,-77.04,59.5,1.97
352,chalmette,75,US,1518324180,100,29.94,-89.96,66.2,5.82
353,hanamaki,75,JP,1518321600,80,39.43,141.16,39.2,5.82
354,malanje,12,AO,1518325256,93,-9.54,16.35,66.79,3.76
355,makakilo city,75,US,1518324060,72,21.35,-158.09,73.4,5.82
356,wittmund,75,DE,1518323940,95,53.58,7.78,33.8,19.46
357,saurimo,92,AO,1518325324,99,-9.66,20.4,65.67,3.98
358,turukhansk,36,RU,1518325324,71,65.8,87.96,1.54,9.8
359,moindou,40,NC,1518323400,51,-21.69,165.68,86.0,11.41
360,cherskiy,76,RU,1518325325,67,68.75,161.3,-0.67,4.09
361,san lazaro,75,BZ,1518321180,88,18.04,-88.66,77.0,3.98
362,orange cove,0,US,1518323700,85,36.62,-119.31,60.8,4.7
363,shingu,20,JP,1518321600,42,33.72,135.99,44.6,27.51
364,khandagayty,8,MN,1518325326,63,50.73,92.07,9.78,1.97
365,ust-ilimsk,76,RU,1518325327,78,57.96,102.73,4.38,4.76
366,vanavara,68,RU,1518325327,83,60.35,102.28,2.89,4.54
367,lasa,48,CY,1518323400,68,34.92,32.53,66.2,6.93
368,ondjiva,8,AO,1518325328,91,-17.07,15.73,64.68,3.98
369,hegang,36,CN,1518325329,50,47.34,130.28,4.96,5.1
370,fairbanks,1,US,1518323160,75,64.84,-147.72,-11.21,2.75
371,homer,90,US,1518321180,74,59.64,-151.54,35.6,12.15
372,xinyang,0,CN,1518325330,36,32.13,114.07,43.93,14.27
373,adeje,92,NG,1518325330,95,5.68,5.76,77.64,5.1
374,sorochinsk,80,RU,1518325331,84,52.43,53.15,7.48,4.43
375,najran,0,SA,1518321600,25,17.54,44.22,51.8,2.24
376,la libertad,40,PE,1518321600,87,-16.38,-71.56,53.6,5.82
377,kathu,48,ZA,1518325332,69,-27.7,23.05,67.06,4.21
378,anadyr,90,RU,1518321600,92,64.73,177.51,26.6,2.24
379,virginia beach,75,US,1518324360,100,36.85,-75.98,66.2,12.75
380,abashiri,75,JP,1518321600,80,44.01,144.25,30.2,3.36
381,swan hill,0,AU,1518325334,86,-35.34,143.56,73.45,6.67
382,northam,92,GB,1518321000,95,51.04,-4.21,41.0,26.4
383,bogotol,36,RU,1518325335,78,56.21,89.53,12.79,3.76
384,uige,88,AO,1518325335,95,-7.61,15.06,69.63,3.09
385,beibei,90,CN,1518321600,93,29.83,106.43,42.8,4.21
386,kaitangata,92,NZ,1518325336,100,-46.28,169.85,62.97,3.53
387,itamarandiba,36,BR,1518325336,98,-17.86,-42.86,65.44,3.09
388,shanting,0,CN,1518325337,21,35.08,117.46,38.04,17.18
389,tigil,12,RU,1518325337,80,57.8,158.67,15.09,3.42
390,farah,44,AF,1518325338,60,32.37,62.11,46.54,3.76
391,zemio,0,CF,1518325338,85,5.02,25.13,74.67,3.65
392,rundu,36,NA,1518325339,76,-17.91,19.77,69.4,6.11
393,port blair,0,IN,1518325339,100,11.67,92.75,80.52,9.24
394,tiarei,90,PF,1518323400,74,-17.53,-149.33,82.4,8.05
395,haifa,0,IL,1518323400,28,32.82,35.0,71.6,13.87
396,dejen,0,ET,1518325341,29,10.16,38.15,63.06,2.19
397,suraabad,90,AZ,1518323400,86,40.82,49.47,39.2,6.93
398,camacha,75,PT,1518323400,67,33.08,-16.33,59.0,9.17
399,srandakan,32,ID,1518325342,100,-7.94,110.25,78.99,3.53
400,margate,40,AU,1518323400,34,-43.03,147.26,66.2,17.22
401,ewa beach,75,US,1518324060,72,21.32,-158.01,73.4,5.82
402,gravdal,92,NO,1518324600,100,59.79,5.78,37.4,31.09
403,babynino,80,RU,1518325344,90,54.39,35.75,27.06,11.7
404,am timan,8,TD,1518325344,31,11.04,20.28,71.88,5.66
405,port hardy,90,CA,1518321600,93,50.7,-127.42,32.0,3.36
406,thinadhoo,80,MV,1518325345,100,0.53,72.93,81.78,6.67
407,merritt,1,CA,1518321600,62,50.11,-120.79,21.2,2.24
408,praia da vitoria,20,PT,1518321600,93,38.73,-27.07,55.4,14.83
409,yumen,0,CN,1518325346,89,40.29,97.04,22.83,7.23
410,shetpe,0,KZ,1518325347,69,44.14,52.16,15.94,4.99
411,kirkkonummi,75,FI,1518324600,100,60.12,24.44,21.2,8.05
412,angoram,48,PG,1518325348,92,-4.06,144.07,84.88,2.98
413,pacific grove,1,US,1518323700,30,36.62,-121.92,55.4,4.54
414,port-cartier,40,CA,1518321600,83,50.03,-66.88,-4.01,4.7
415,siderno,40,IT,1518321300,81,38.28,16.3,50.0,6.93
416,bushehr,0,IR,1518321600,71,28.97,50.84,57.2,4.7
417,mariana,20,BR,1518325349,91,-20.38,-43.42,64.36,4.99
418,thunder bay,20,CA,1518321600,83,48.41,-89.26,-7.61,2.24
419,manakara,92,MG,1518325350,89,-22.14,48.01,78.09,2.19
420,puerto escondido,8,MX,1518325350,99,15.86,-97.07,81.96,10.25
421,miles city,1,US,1518321180,91,46.41,-105.84,-7.61,8.05
422,xining,0,CN,1518325351,9,36.62,101.77,34.03,11.59
423,huarmey,24,PE,1518325351,91,-10.07,-78.15,62.79,2.19
424,kamina,88,CD,1518325352,100,-8.74,25.0,67.33,5.21
425,chicama,90,PE,1518321600,88,-7.84,-79.15,69.8,8.05
426,nara,20,JP,1518323400,48,34.68,135.8,44.6,24.16
427,dukhovnitskoye,32,RU,1518325353,88,52.48,48.21,2.31,4.99
428,lyantonde,12,UG,1518325353,75,-0.41,31.15,70.21,6.55
429,gol,64,IN,1518325354,38,25.38,72.44,77.91,6.11
430,amambai,80,BR,1518325354,97,-23.11,-55.23,73.41,6.22
431,bida,0,NG,1518325354,93,9.08,6.02,75.21,6.55
432,dunyapur,75,PK,1518321300,62,29.8,71.74,55.4,9.17
433,jackson,90,US,1518322500,100,35.61,-88.82,59.0,5.82
434,karratha,44,AU,1518325356,42,-20.74,116.85,97.53,9.13
435,gejiu,0,CN,1518325356,71,23.36,103.16,63.19,2.75
436,lompoc,1,US,1518323700,87,34.64,-120.46,55.4,5.99
437,constitucion,0,MX,1518325357,81,23.99,-104.67,40.38,5.77
438,gasa,0,BT,1518325357,27,27.91,89.73,21.34,2.64
439,yatou,75,CM,1518321600,94,3.63,9.81,78.8,3.36
440,decin,75,CZ,1518324600,80,50.78,14.21,33.8,8.05
441,san ignacio,0,CL,1518321600,58,-36.8,-72.03,59.0,12.75
442,halifax,90,CA,1518322740,100,44.65,-63.58,42.8,20.8
443,farafangana,80,MG,1518325360,92,-22.82,47.83,79.53,5.21
444,kuching,75,MY,1518321600,70,1.56,110.34,84.2,6.93
445,gazojak,0,TM,1518325361,75,41.19,61.4,25.21,4.65
446,puerto varas,0,CL,1518321600,81,-41.32,-72.98,46.4,8.05
447,axim,76,GH,1518325362,96,4.87,-2.24,82.59,13.15
448,bideford,92,GB,1518321000,95,51.02,-4.21,41.0,26.4
449,huilong,0,CN,1518325363,55,28.89,110.18,48.03,3.09
450,maiduguri,0,NG,1518325363,50,11.84,13.15,66.61,4.99
451,majene,88,ID,1518325364,99,-3.54,118.97,82.86,9.01
452,kuloy,92,RU,1518325364,84,61.03,42.49,15.94,10.25
453,mosquera,20,CO,1518321600,66,4.71,-74.23,53.6,4.7
454,gobabis,76,NA,1518321600,82,-22.45,18.97,66.2,2.24
455,muzhi,32,RU,1518325365,75,65.4,64.7,-6.43,5.1
456,inirida,24,CO,1518325366,84,3.87,-67.92,74.31,2.08
457,baraboo,1,US,1518322500,66,43.47,-89.74,12.2,2.98
458,netrakona,88,BD,1518325367,66,24.88,90.72,76.15,4.21
459,siilinjarvi,90,FI,1518324600,85,63.08,27.67,15.8,2.24
460,grand gaube,75,MU,1518321600,88,-20.01,57.66,82.4,7.23
461,sweetwater,1,US,1518322500,58,32.47,-100.41,30.2,11.41
462,muisne,80,EC,1518325369,98,0.61,-80.02,71.83,2.64
463,ullapool,20,GB,1518325369,100,57.9,-5.16,40.02,16.06
464,matamoros,90,US,1518322740,88,25.87,-97.51,69.8,8.05
465,gushikawa,75,JP,1518324960,62,26.35,127.87,60.8,17.22
466,moreira sales,92,BR,1518325371,98,-24.05,-53.01,69.76,8.01
467,inhambane,64,MZ,1518325371,86,-23.87,35.38,80.79,15.5
468,rock sound,24,BS,1518325232,99,24.9,-76.2,76.38,21.88
469,ahmadpur east,92,PK,1518325372,95,29.14,71.26,55.9,9.24
470,banepa,20,NP,1518322800,18,27.63,85.52,57.2,4.7
471,lajas,0,CU,1518321540,100,22.41,-80.29,73.4,9.17
472,zapadnaya dvina,88,RU,1518325373,91,56.26,32.09,25.03,12.26
473,alofi,88,NU,1518325374,96,-19.06,-169.92,82.41,32.28
474,angoche,44,MZ,1518325374,100,-16.23,39.91,79.44,10.58
475,narsaq,64,GL,1518324600,42,60.91,-46.05,8.6,11.41
476,laela,80,TZ,1518325375,99,-8.57,32.05,60.36,2.08
477,mananjary,80,MG,1518325376,98,-19.16,46.8,66.48,4.99
478,saint-pierre,92,FR,1518323400,100,48.95,4.24,35.6,21.92
479,aklavik,90,CA,1518321600,76,68.22,-135.01,-7.61,6.93
480,barranca,68,PE,1518325377,99,-10.75,-77.76,67.47,7.0
481,hoi an,75,VN,1518321600,73,15.88,108.33,75.2,12.75
482,salym,56,RU,1518325378,79,60.06,71.48,4.83,3.76
483,masunga,0,BW,1518321600,88,-20.62,27.45,62.6,3.36
484,sayyan,0,YE,1518325379,25,15.17,44.32,56.71,2.98
485,cayeli,68,TR,1518325379,85,41.09,40.73,36.64,2.53
486,cairns,20,AU,1518321600,66,-16.92,145.77,84.2,10.29
487,hillsborough,1,US,1518323700,19,37.57,-122.38,62.6,9.17
488,zhigansk,68,RU,1518325381,50,66.77,123.37,-17.0,3.09
489,norman wells,20,CA,1518321600,76,65.28,-126.83,-7.61,6.93
490,yining,0,CN,1518325382,37,29.04,114.56,50.37,4.43
491,astana,0,KZ,1518323400,83,51.13,71.43,-5.81,4.54
492,port-gentil,64,GA,1518325383,99,-0.72,8.78,80.2,7.56
493,tromso,75,NO,1518324600,74,69.65,18.96,30.2,9.17
494,amga,64,RU,1518325383,29,60.89,131.98,-20.6,3.65
495,jeremie,0,HT,1518325384,100,18.65,-74.12,74.58,0.07
496,kulachi,92,PK,1518325385,98,31.93,70.46,47.98,3.2
497,cliza,90,BO,1518322680,87,-17.59,-65.93,60.8,5.82
498,oriximina,36,BR,1518325385,89,-1.77,-55.87,77.01,4.09
499,kununurra,0,AU,1518321600,41,-15.77,128.74,95.0,4.7
500,coffs harbour,56,AU,1518321600,65,-30.3,153.13,82.4,13.87
501,yurla,80,RU,1518325387,78,59.33,54.32,9.28,3.76
502,springbok,56,ZA,1518325387,45,-29.67,17.88,65.44,4.76
503,debre tabor,0,ET,1518325387,27,11.86,38.01,66.12,4.09
504,roald,68,NO,1518324600,56,62.58,6.12,41.0,13.87
505,richards bay,88,ZA,1518325388,97,-28.77,32.06,72.96,1.19
506,copiapo,0,CL,1518321600,72,-27.37,-70.33,66.2,6.93
507,moundsville,90,US,1518324960,93,39.92,-80.74,39.2,5.82
508,mitsamiouli,20,KM,1518321600,78,-11.38,43.28,78.8,4.7
509,galesong,88,ID,1518325390,100,-5.32,119.37,78.36,4.99
510,erenhot,0,CN,1518325390,32,43.65,111.97,8.97,19.64
511,santa cruz,1,US,1518323700,30,36.97,-122.03,62.6,4.09
512,mindelo,75,PT,1518323400,100,41.31,-8.72,48.2,5.82
513,tateyama,75,JP,1518323940,64,36.66,137.31,37.4,18.34
514,saint-joseph,0,FR,1518323400,74,43.56,6.97,41.0,5.82
515,saint-louis,75,CH,1518323400,74,47.59,7.56,33.8,4.7
516,antsohihy,0,MG,1518325395,93,-14.88,47.99,80.97,7.0
517,port hedland,36,AU,1518321600,59,-20.31,118.58,93.2,11.41
518,komsomolskiy,92,RU,1518325395,85,67.55,63.78,9.42,8.57
519,pacatuba,24,BR,1518325396,97,-10.45,-36.65,72.06,3.2
520,ranot,0,TH,1518325396,67,7.78,100.32,84.57,12.15
521,ossora,32,RU,1518325397,89,59.24,163.07,14.19,3.65
522,wanning,75,AT,1518322800,95,48.64,13.53,32.0,2.24
523,mocuba,92,MZ,1518325397,100,-16.84,36.99,73.41,4.65
524,tomohon,20,ID,1518323400,70,1.33,124.84,86.0,10.29
525,warrnambool,12,AU,1518325399,87,-38.38,142.48,64.41,10.02
526,makaryev,64,RU,1518325399,81,57.88,43.81,15.27,6.67
527,dubai,0,AE,1518321600,77,25.27,55.3,60.8,3.36
528,buluang,75,PH,1518321600,66,10.47,123.98,87.8,13.87
529,lebanon,90,US,1518324900,93,43.64,-72.25,35.6,2.08
530,tres arroyos,0,AR,1518325401,61,-38.38,-60.28,53.85,8.43
531,wewak,56,PG,1518325401,77,-3.55,143.63,84.84,5.77
532,kargasok,24,RU,1518325402,76,59.06,80.87,10.09,3.53
533,amiens,90,FR,1518323400,93,49.89,2.3,41.0,11.41
534,jatibonico,0,CU,1518325402,81,21.94,-79.17,73.86,10.58
535,ramos arizpe,0,MX,1518325135,80,25.54,-100.95,50.86,2.42
536,taltal,0,CL,1518325403,100,-25.41,-70.49,51.09,1.97
537,jardim,44,BR,1518325404,94,-21.48,-56.15,74.71,9.24
538,bathsheba,40,BB,1518321600,83,13.22,-59.52,77.0,23.04
539,san policarpo,88,PH,1518325405,97,12.18,125.51,80.38,10.69
540,auki,0,NG,1518325405,58,12.18,6.51,58.78,3.42
541,shache,36,CN,1518325405,49,38.42,77.24,33.4,5.55
